speaker_id,speaker_number,speaker_sex,language,language_variety,filename,segment_start,segment_end,duration,timepoint,textgrid_label,segment_type,vowel_quality,phonation,vowel_nasality,tone_contour,number_of_tone_targets,tone_category,language_specific_tone,consonant_aspiration,consonant_nasality,strF0,sF0,pF0,shrF0,sF1,sB1,sF2,sB2,sF3,sB3,sF4,sB4,pF1,pF2,pF3,pF4,H1u,H1c,H2u,H2c,H4u,H4c,A1u,A1c,A2u,A2c,A3u,A3c,H1H2u,H1H2c,H2H4u,H2H4c,H1A1u,H1A1c,H1A2u,H1A2c,H1A3u,H1A3c,Energy,HNR05,HNR15,HNR25,HNR35,CPP,SHR,tone_misc,CQ,CQ_H,CQ_HT,CQ_PM,min_Vel,min_Vel_Time,peak_Vel,peak_Vel_Time,SQ2_SQ1,SQ4_SQ3,ratio,LPhon,SQ,token_id
Zapotec_M1,1,M,Zapotec,Santiago Matatlan Zapotec,speaker1M_aC32_1,10.0,100.118,90.118,5,aC32,Vowel,a,Creaky,Oral,51.0,2.0,Big,,Unaspirated,,110.587,381.13,377.019,136.958,773.323,68.589,1174.466,119.943,2376.658,137.108,3538.015,371.966,881.403,1806.476,3451.918,5086.924,0.622,0.333,3.883,2.692,0.128,-5.384,14.097,-16.22,5.724,-20.278,-9.512,-12.131,-3.261,-2.358,3.754,8.075,-13.475,16.574,-5.102,20.611,10.134,12.464,0.487,26.143,20.961,27.249,31.136,22.368,0.292,Lfall,0.637,0.585,0.624,0.598,-750.809,58.644,1560.321,53.005,1.386,2.646,0.557,Zapotec-Creaky,0.523809523809524,-2561964097141704909
Zapotec_M1,1,M,Zapotec,Santiago Matatlan Zapotec,speaker1M_aC34,10.0,125.446,115.446,5,aC34,Vowel,a,Creaky,Oral,51.0,2.0,Big,,Unaspirated,,120.431,,127.373,140.332,729.969,107.887,1224.7,140.174,2139.472,164.655,3387.436,262.69,876.111,1687.834,3662.257,4185.822,5.791,5.427,9.885,8.369,7.544,-0.058,15.726,-12.544,6.762,-15.743,-3.543,-11.432,-4.094,-2.941,2.341,8.426,-9.936,17.978,-0.971,21.17,9.333,16.859,0.991,21.21,14.516,19.666,24.374,22.344,0.641,Lfall,0.659,0.59,0.65,0.633,-834.981,70.954,1662.251,65.535,1.291,2.545,0.547,Zapotec-Creaky,0.507269155206287,-2290281426718482649
Zapotec_M1,1,M,Zapotec,Santiago Matatlan Zapotec,speaker1M_aC34_1,10.0,142.897,132.897,5,aC34,Vowel,a,Creaky,Oral,51.0,2.0,Big,,Unaspirated,,109.484,73.081,123.521,108.252,728.466,85.614,1249.276,151.653,2113.464,174.724,3176.252,262.672,840.144,1670.056,3179.061,4667.9,1.054,0.761,5.227,4.013,-2.774,-8.491,11.502,-17.392,3.09,-20.386,-8.061,-17.11,-4.172,-3.252,8.001,12.504,-10.448,18.159,-2.035,21.146,9.115,17.871,0.329,20.37,16.198,22.036,27.336,20.924,0.178,Lfall,0.426,0.362,0.367,0.34,-373.384,78.878,1577.034,75.645,1.007,2.938,0.336,Zapotec-Creaky,0.342750170183798,8205918747658548991
Zapotec_M1,1,M,Zapotec,Santiago Matatlan Zapotec,speaker1M_aC35,10.0,348.54,338.54,5,aC35,Vowel,a,Creaky,Oral,51.0,2.0,Big,,Unaspirated,,112.48,112.352,113.242,112.668,704.831,127.203,953.237,118.446,2584.595,129.42,3389.831,160.96,839.028,2688.332,3459.194,5806.509,1.735,1.382,5.213,3.754,3.76,-3.122,16.788,-15.234,14.387,-14.844,-8.471,-1.918,-3.479,-2.372,1.453,6.875,-15.053,16.715,-12.653,16.225,10.205,3.3,0.983,51.19,45.71,49.807,46.362,28.955,0.676,Lfall,0.598,0.48,0.541,0.501,-350.147,181.983,1138.742,177.514,1.889,3.621,0.518,Zapotec-Creaky,0.52167909417288,-6738205839501450926
Zapotec_M1,1,M,Zapotec,Santiago Matatlan Zapotec,speaker1M_aC35_1,10.0,266.451,256.451,5,aC35,Vowel,a,Creaky,Oral,51.0,2.0,Big,,Unaspirated,,109.284,109.15,109.965,109.226,734.154,87.468,1044.251,143.711,2195.6,169.154,3392.575,194.247,852.212,1959.566,3410.703,,0.543,0.245,3.734,2.506,1.619,-4.013,17.459,-14.243,12.452,-16.006,-10.191,-13.249,-3.19,-2.261,2.115,6.519,-16.915,14.517,-11.909,16.252,10.735,13.494,0.898,50.986,44.176,45.936,45.965,28.941,0.065,Lfall,0.574,0.453,0.577,0.564,-290.247,141.154,1086.749,135.972,1.784,4.053,0.441,Zapotec-Creaky,0.440167776955342,-8912241216623467457
Zapotec_M1,1,M,Zapotec,Santiago Matatlan Zapotec,speaker1M_aC37,10.0,368.866,358.866,5,aC37,Vowel,a,Creaky,Oral,51.0,2.0,Big,,Unaspirated,,114.756,114.783,115.427,144.487,692.63,103.972,954.047,80.528,2566.213,184.869,3254.896,261.873,846.618,2761.165,3372.212,3856.906,2.918,2.541,6.878,5.316,4.312,-3.175,19.509,-12.044,16.605,-12.008,-10.469,-3.722,-3.961,-2.775,2.566,8.491,-16.592,14.674,-13.688,14.549,13.387,6.263,1.418,52.423,47.505,52.285,49.829,29.661,0.443,Lfall,0.503,0.385,0.395,0.331,-1856.579,188.923,2461.914,187.714,1.421,3.341,0.913,Zapotec-Creaky,0.42532175995211,4172066353303939451
Zapotec_M1,1,M,Zapotec,Santiago Matatlan Zapotec,speaker1M_aC37_1,10.0,285.295,275.295,5,aC37,Vowel,a,Creaky,Oral,51.0,2.0,Big,,Unaspirated,,113.306,113.039,114.678,113.99,732.03,88.825,1025.744,105.55,2397.027,228.279,3380.6,246.946,861.001,1640.143,3437.977,3843.745,1.773,1.444,5.465,4.106,2.207,-4.137,15.753,-15.953,12.192,-16.39,-12.977,-11.684,-3.693,-2.663,3.259,8.243,-13.98,17.447,-10.42,17.833,14.75,13.128,0.779,48.698,41.929,45.314,44.873,28.589,0.841,Lfall,0.461,0.354,0.4,0.428,-1236.514,149.308,2332.681,145.926,1.475,2.847,2.154,Zapotec-Creaky,0.518089216719354,-4695990526956063293
Zapotec_M1,1,M,Zapotec,Santiago Matatlan Zapotec,speaker1M_aC46_1,10.0,98.797,88.797,5,aC46,Vowel,a,Creaky,Oral,51.0,2.0,Big,,Unaspirated,,104.693,104.162,105.073,104.541,674.245,124.853,1125.25,134.768,1885.578,442.537,3347.978,323.828,740.812,1235.239,3292.968,4925.818,-0.369,-0.66,1.483,0.283,-4.747,-10.325,4.637,-24.635,-1.461,-26.014,-23.593,-32.847,-1.852,-0.942,6.23,10.607,-5.006,23.982,1.092,25.354,23.224,32.187,0.07,41.251,38.931,45.934,49.313,22.757,0.847,Lfall,0.53,0.321,0.006,0.321,-2274.614,54.454,2371.958,54.703,2.136,3.088,0.692,Zapotec-Creaky,0.691709844559586,-8689994338498542080
Zapotec_M1,1,M,Zapotec,Santiago Matatlan Zapotec,speaker1M_aM1_2,10.0,140.904,130.904,5,aM1,Vowel,a,Modal,Oral,55.0,1.0,High,,Unaspirated,,147.425,146.993,147.807,147.401,823.508,111.003,1102.453,102.493,2367.795,153.586,3178.775,519.051,967.731,2498.785,4921.062,5081.391,4.564,4.12,6.844,4.987,8.038,-1.221,19.495,-13.182,18.677,-11.296,-1.669,-4.225,-2.28,-0.868,-1.194,6.208,-14.93,17.364,-14.112,15.416,6.234,8.345,2.571,50.419,40.491,42.849,43.572,27.883,0.916,high,0.525,0.54,0.614,0.535,-1606.829,77.898,3817.193,74.26,0.172,1.458,0.118,Zapotec-Modal,0.117969821673525,1234198177233096498
Zapotec_M1,1,M,Zapotec,Santiago Matatlan Zapotec,speaker1M_aM12,10.0,207.538,197.538,5,aM12,Vowel,a,Modal,Oral,55.0,1.0,High,,Unaspirated,,133.457,132.756,135.8,134.683,664.0,85.301,1189.48,177.149,2090.996,334.808,3383.326,195.765,746.333,1491.586,3436.381,5777.244,-3.845,-4.333,-0.325,-2.393,-0.726,-12.309,6.906,-20.849,-4.465,-26.842,-21.965,-26.68,-3.52,-1.941,0.402,9.916,-10.75,16.524,0.62,22.509,18.121,22.346,0.107,46.428,43.667,47.371,49.286,25.298,0.0,high,0.596,0.479,0.522,0.539,-531.244,110.96,1392.434,106.916,1.518,2.792,0.544,Zapotec-Modal,0.543696275071633,-1684269015645099927
Zapotec_M1,1,M,Zapotec,Santiago Matatlan Zapotec,speaker1M_aM12_1,10.0,123.917,113.917,5,aM12,Vowel,a,Modal,Oral,55.0,1.0,High,,Unaspirated,,112.127,111.091,113.977,111.655,712.366,129.334,1278.913,217.265,2028.974,132.62,3339.16,345.558,840.766,1866.469,3787.613,5402.102,-0.293,-0.596,0.662,-0.592,-3.044,-9.014,6.812,-21.511,-2.124,-24.528,-12.418,-23.696,-0.955,-0.004,3.706,8.421,-7.106,20.919,1.831,23.932,12.125,23.1,0.084,35.814,31.788,34.567,38.612,21.659,0.628,high,0.527,0.406,0.434,0.464,-704.276,71.026,1794.817,66.785,1.879,2.991,0.628,Zapotec-Modal,0.628217987295219,4401952655650357506
Zapotec_M1,1,M,Zapotec,Santiago Matatlan Zapotec,speaker1M_aM13,10.0,139.746,129.746,5,aM13,Vowel,a,Modal,Oral,55.0,1.0,High,,Unaspirated,,136.833,136.569,138.296,137.296,753.035,102.404,1245.214,101.263,2508.524,323.559,4048.963,716.18,1009.298,2312.629,4471.183,4891.949,-0.327,-0.734,3.152,1.451,2.202,-6.395,15.22,-14.099,13.511,-11.113,-5.327,-6.545,-3.479,-2.185,0.95,7.847,-15.547,13.387,-13.838,10.38,5.0,5.812,0.914,53.388,45.32,47.047,46.559,32.784,0.816,high,0.514,0.451,0.554,0.51,-657.252,77.575,2295.537,73.831,0.845,2.534,0.337,Zapotec-Modal,0.333464877663773,-4659334027431059534
Zapotec_M1,1,M,Zapotec,Santiago Matatlan Zapotec,speaker1M_aM13_1,10.0,120.943,110.943,5,aM13,Vowel,a,Modal,Oral,55.0,1.0,High,,Unaspirated,,120.721,120.552,121.698,120.923,705.773,104.822,1194.005,114.057,2354.565,610.931,3882.936,385.241,1012.608,1532.091,3998.358,4860.197,-2.062,-2.413,1.105,-0.355,2.711,-4.387,15.395,-13.627,12.601,-11.515,-7.273,-10.799,-3.168,-2.058,-1.605,4.032,-17.458,11.226,-14.663,9.102,5.211,8.386,0.625,51.907,42.803,44.247,44.346,29.458,0.484,high,0.591,0.502,0.595,0.529,-421.118,67.007,1792.379,62.638,1.285,3.655,0.351,Zapotec-Modal,0.351573187414501,5255140447212440969
Zapotec_M1,1,M,Zapotec,Santiago Matatlan Zapotec,speaker1M_aM4,10.0,294.265,284.265,5,aM4,Vowel,a,Modal,Oral,55.0,1.0,High,,Unaspirated,,116.832,116.611,117.946,117.482,705.82,115.194,1053.421,80.881,2102.01,124.894,3120.905,141.236,890.502,1538.645,2977.188,,2.535,2.177,4.593,3.109,4.165,-2.943,15.997,-14.429,13.829,-12.855,-6.674,-10.902,-2.058,-0.932,0.428,6.052,-13.463,16.624,-11.294,15.031,9.209,13.079,0.793,41.372,34.512,37.868,39.641,27.113,0.709,high,0.597,0.477,0.555,0.507,-177.646,154.181,801.192,149.809,1.619,4.157,0.39,Zapotec-Modal,0.389463555448641,-6168786944804043682
Zapotec_M1,1,M,Zapotec,Santiago Matatlan Zapotec,speaker1M_aM40,10.0,312.369,302.369,5,aM40,Vowel,a,Modal,Oral,55.0,1.0,High,,Unaspirated,,119.35,119.218,119.77,119.626,783.772,121.083,1432.699,144.482,2374.019,261.865,3604.188,379.866,963.359,1824.47,3615.53,4473.159,2.682,2.413,5.615,4.507,2.1,-3.027,11.246,-17.921,5.74,-17.433,-8.308,-16.674,-2.933,-2.094,3.515,7.534,-8.564,20.341,-3.059,19.846,10.99,19.087,0.388,52.575,44.883,44.537,45.086,30.495,0.78,high,0.452,0.282,0.012,0.282,-2766.995,159.805,2912.504,160.145,1.427,2.214,4.309,Zapotec-Modal,0.64453477868112,6134439168784611336
Zapotec_M1,1,M,Zapotec,Santiago Matatlan Zapotec,speaker1M_aM40_1,10.0,288.18,278.18,5,aM40,Vowel,a,Modal,Oral,55.0,1.0,High,,Unaspirated,,112.546,112.395,112.648,112.737,787.856,136.778,1418.816,162.612,2444.635,268.286,3645.692,436.476,909.703,1683.09,3492.77,4809.974,1.652,1.418,4.097,3.136,-0.348,-4.684,6.804,-22.81,0.817,-23.035,-14.145,-21.196,-2.445,-1.719,4.445,7.821,-5.152,24.237,0.835,24.452,15.797,22.614,0.182,57.302,52.786,53.086,53.494,31.367,0.615,high,0.441,0.335,0.381,0.434,-816.844,151.537,2014.569,147.724,1.203,3.358,0.359,Zapotec-Modal,0.358248957712924,-3413150414882318085
Zapotec_M1,1,M,Zapotec,Santiago Matatlan Zapotec,speaker1M_aM6_1,10.0,227.907,217.907,5,aM6,Vowel,a,Modal,Oral,55.0,1.0,High,,Unaspirated,,110.357,110.04,111.876,111.11,725.395,105.192,1111.62,123.902,2281.944,134.361,3382.662,271.54,890.627,2019.889,3273.61,5278.091,-1.522,-1.824,1.138,-0.108,-1.56,-7.34,11.302,-19.021,7.515,-18.761,-12.804,-15.32,-2.659,-1.716,2.697,7.232,-12.823,17.218,-9.037,16.937,11.282,13.497,0.29,46.347,40.628,42.765,43.517,25.535,0.782,high,0.612,0.462,0.536,0.577,-137.78,122.376,448.756,117.13,1.962,4.0,0.491,Zapotec-Modal,0.4905,9095556074979529055
Zapotec_M1,1,M,Zapotec,Santiago Matatlan Zapotec,speaker1M_aM7,10.0,248.944,238.944,5,aM7,Vowel,a,Modal,Oral,55.0,1.0,High,,Unaspirated,,112.447,112.027,115.073,113.262,722.986,75.926,1140.739,79.281,2190.64,105.954,3178.982,301.176,913.85,1676.907,2714.626,5672.069,-2.104,-2.416,0.437,-0.854,0.183,-5.868,13.082,-16.945,9.786,-15.989,-8.825,-13.715,-2.541,-1.562,0.254,5.013,-15.186,14.543,-11.89,13.572,6.721,11.298,0.429,40.019,32.647,35.905,38.259,25.564,0.584,high,0.574,0.451,0.571,0.479,-114.832,131.955,462.089,127.648,1.663,3.96,0.42,Zapotec-Modal,0.419949494949495,-1434040639290404150
Zapotec_M1,1,M,Zapotec,Santiago Matatlan Zapotec,speaker1M_aM9,10.0,137.223,127.223,5,aM9,Vowel,a,Modal,Oral,55.0,1.0,High,,Unaspirated,,123.95,123.246,125.951,124.152,731.619,107.652,1171.821,110.57,2217.778,840.13,3438.812,583.056,806.618,1237.552,3344.796,4800.273,-3.693,-4.058,-2.782,-4.298,-1.416,-8.8,10.099,-19.494,4.97,-20.166,-22.307,-25.474,-0.911,0.24,-1.366,4.502,-13.792,15.454,-8.663,16.108,18.614,21.416,0.217,49.269,41.264,45.841,46.919,25.687,0.8,high,0.486,0.384,0.474,0.295,-134.28,75.285,512.505,72.883,1.777,3.0,0.592,Zapotec-Modal,0.592333333333333,6869780415747068566
Zapotec_M1,1,M,Zapotec,Santiago Matatlan Zapotec,speaker1M_eB17,10.0,159.14,149.14,5,eB17,Vowel,e,Breathy,Oral,31.0,2.0,Mid,,Unaspirated,,123.319,122.696,124.07,123.287,761.179,68.537,1466.542,106.604,2284.429,405.988,3915.292,284.852,894.804,1700.875,3805.306,,-1.395,-1.694,1.055,-0.182,-0.947,-6.832,11.797,-16.738,4.928,-17.142,-11.363,-22.534,-2.45,-1.512,2.002,6.65,-13.192,15.049,-6.323,15.448,9.968,20.84,0.216,49.418,41.73,39.854,40.628,25.066,0.559,Sfall,0.438,0.37,0.499,0.454,-597.392,87.878,2074.099,84.138,0.54,2.732,0.194,Zapotec-Breathy,0.197657393850659,2541447610190478117
Zapotec_M1,1,M,Zapotec,Santiago Matatlan Zapotec,speaker1M_eB17_1,10.0,172.698,162.698,5,eB17,Vowel,e,Breathy,Oral,31.0,2.0,Mid,,Unaspirated,,115.247,114.269,116.012,114.324,777.359,77.058,1497.557,118.632,2395.474,460.693,3423.024,728.186,844.666,1662.281,3267.146,5373.8,-1.292,-1.548,-0.23,-1.284,-4.393,-9.253,7.245,-21.571,-2.098,-24.377,-17.047,-25.918,-1.062,-0.264,4.163,7.969,-8.537,20.028,0.806,22.829,15.755,24.37,0.093,45.966,39.452,40.279,41.846,25.467,0.306,Sfall,0.417,0.36,0.464,0.426,-728.854,95.179,2185.147,91.432,0.588,2.649,0.221,Zapotec-Breathy,0.221970554926387,6491642773646220219
Zapotec_M1,1,M,Zapotec,Santiago Matatlan Zapotec,speaker1M_eC39,10.0,156.145,146.145,5,eC39,Vowel,e,Creaky,Oral,51.0,2.0,Big,,Unaspirated,,130.485,131.505,132.675,139.578,520.909,35.679,1953.489,57.992,2575.004,171.866,3708.739,400.764,558.252,2147.928,3683.615,4516.431,6.423,5.817,10.513,7.833,18.288,-5.13,18.286,-5.199,3.352,-5.479,-3.862,-11.088,-4.09,-2.016,-7.775,12.963,-11.863,11.017,3.07,11.296,10.285,16.905,0.718,37.222,41.076,36.842,35.742,24.406,0.445,Lfall,0.635,0.464,0.521,0.582,-1056.871,86.313,2296.382,81.815,1.232,3.203,0.385,Zapotec-Creaky,0.384639400561973,-4366510747192244684
Zapotec_M1,1,M,Zapotec,Santiago Matatlan Zapotec,speaker1M_eC39_1,10.0,132.963,122.963,5,eC39,Vowel,e,Creaky,Oral,51.0,2.0,Big,,Unaspirated,,119.612,120.068,121.943,120.602,498.52,74.817,1912.386,114.007,2444.505,202.142,3688.578,345.799,510.669,2168.37,3753.227,4266.008,3.559,2.986,7.641,5.12,11.809,-10.347,11.806,-11.7,-1.575,-10.156,-5.38,-13.398,-4.082,-2.133,-4.168,15.467,-8.247,14.687,5.134,13.142,8.939,16.384,0.201,42.874,48.673,45.178,44.018,27.315,0.661,Lfall,0.569,0.423,0.49,0.568,-685.987,75.713,1989.775,70.879,1.537,3.738,0.413,Zapotec-Creaky,0.411182450508293,-1664509479186966926
Zapotec_M1,1,M,Zapotec,Santiago Matatlan Zapotec,speaker1M_eC45,10.0,168.327,158.327,5,eC45,Vowel,e,Creaky,Oral,51.0,2.0,Big,,Unaspirated,,127.258,127.263,127.477,127.848,796.605,90.703,1487.532,129.467,2441.55,195.372,3791.499,251.145,988.23,2057.277,3846.246,4295.72,3.801,3.501,7.255,6.013,4.714,-1.2,15.847,-12.788,8.364,-13.701,-1.278,-9.362,-3.455,-2.512,2.541,7.213,-12.046,16.296,-4.564,17.201,5.079,12.863,0.756,53.176,48.089,48.188,47.574,29.832,0.764,Lfall,0.487,0.417,0.551,0.455,-638.401,91.719,2258.452,88.134,0.744,2.948,0.252,Zapotec-Creaky,0.252374491180461,8874563212501987357
Zapotec_M1,1,M,Zapotec,Santiago Matatlan Zapotec,speaker1M_eC45_1,10.0,162.57,152.57,5,eC45,Vowel,e,Creaky,Oral,51.0,2.0,Big,,Unaspirated,,120.255,119.99,121.29,120.899,786.181,88.21,1472.991,111.404,2465.599,170.716,3764.392,294.397,1001.967,2070.877,3839.958,3903.203,3.141,2.866,6.133,4.997,2.221,-3.088,14.322,-14.48,7.423,-14.934,-3.61,-10.96,-2.992,-2.131,3.912,8.085,-11.181,17.354,-4.282,17.8,6.751,13.827,0.581,49.865,43.872,43.243,43.369,29.641,0.845,Lfall,0.46,0.389,0.532,0.43,-569.909,87.699,2241.312,84.118,0.712,3.117,0.229,Zapotec-Creaky,0.228424767404556,-109707846327319163
Zapotec_M1,1,M,Zapotec,Santiago Matatlan Zapotec,speaker1M_eM3,10.0,224.708,214.708,5,eM3,Vowel,e,Modal,Oral,55.0,1.0,High,,Unaspirated,,129.641,129.824,132.633,131.185,551.034,42.437,1844.666,90.872,2424.706,216.478,3726.025,155.54,640.633,2115.043,3666.397,5745.515,6.118,5.554,9.247,6.777,18.742,-1.989,18.74,-5.192,6.675,-4.04,-0.16,-8.445,-3.129,-1.223,-9.495,8.767,-12.622,10.747,-0.557,9.594,6.278,13.999,0.941,40.245,43.704,38.964,37.785,26.588,0.543,high,0.524,0.399,0.349,0.263,-2133.252,116.629,2489.494,116.174,0.943,2.44,0.176,Zapotec-Modal,0.386475409836066,-5105065487113812385
Zapotec_M1,1,M,Zapotec,Santiago Matatlan Zapotec,speaker1M_eM3_1,10.0,199.282,189.282,5,eM3,Vowel,e,Modal,Oral,55.0,1.0,High,,Unaspirated,,122.2,121.87,123.778,123.121,559.611,64.51,1765.492,89.828,2381.849,195.202,3598.774,235.222,615.027,1966.187,3433.088,,6.572,6.076,8.414,6.271,14.439,-0.453,14.517,-9.702,2.667,-8.981,-3.321,-11.642,-1.842,-0.195,-6.025,6.724,-7.946,15.779,3.905,15.057,9.892,17.719,0.554,39.562,42.647,39.332,40.059,26.303,0.527,high,0.551,0.454,0.481,0.476,-479.471,107.221,1275.872,103.294,1.513,3.138,0.483,Zapotec-Modal,0.482154238368387,7264095333368019835
Zapotec_M1,1,M,Zapotec,Santiago Matatlan Zapotec,speaker1M_iB16_1,10.0,241.232,231.232,5,iB16,Vowel,i,Breathy,Oral,31.0,2.0,Mid,,Unaspirated,,110.118,109.375,111.948,110.689,356.403,92.205,2134.873,112.514,2687.16,127.661,3616.103,125.447,1875.46,3338.377,4203.259,5772.333,-1.247,-2.265,2.339,-2.659,-3.254,-6.408,0.312,-17.752,-13.637,-13.237,-15.532,-14.963,-3.587,0.394,5.594,3.749,-1.559,15.487,12.39,10.972,14.285,12.698,0.031,39.562,53.504,51.052,47.852,24.14,0.766,Sfall,0.581,0.423,0.308,0.433,-1665.715,125.48,2552.784,124.244,2.159,3.716,0.605,Zapotec-Breathy,0.581001076426265,7109848805771109104
Zapotec_M1,1,M,Zapotec,Santiago Matatlan Zapotec,speaker1M_iM10,10.0,255.754,245.754,5,iM10,Vowel,i,Modal,Oral,55.0,1.0,High,,Unaspirated,,127.724,127.322,129.128,128.475,322.949,60.182,2063.338,46.099,2667.198,156.345,3364.063,228.784,2153.567,2847.83,3754.188,5711.834,0.462,-1.064,8.231,-0.304,-6.374,-3.08,-1.031,-17.722,-4.002,-2.979,-9.246,-6.95,-7.769,-0.76,14.605,2.776,1.493,16.658,4.464,1.915,9.708,5.886,0.102,47.558,61.608,57.168,50.794,27.672,0.823,high,0.589,0.455,0.453,0.391,-173.739,134.974,397.106,131.916,2.03,2.599,0.787,Zapotec-Modal,0.781069642170065,-4219725695277533752
Zapotec_M1,1,M,Zapotec,Santiago Matatlan Zapotec,speaker1M_iM10_1,10.0,194.316,184.316,5,iM10,Vowel,i,Modal,Oral,55.0,1.0,High,,Unaspirated,,116.698,116.541,117.456,117.357,335.458,68.789,2012.968,57.103,2602.082,195.015,4100.497,122.512,2118.01,2495.461,3929.858,,-2.858,-4.006,2.644,-3.145,-5.922,-6.755,2.865,-14.859,-7.486,-8.003,-13.572,-12.601,-5.502,-0.861,8.566,3.609,-5.723,10.853,4.628,3.996,10.714,8.595,0.038,53.364,64.279,60.57,55.814,27.789,0.0,high,0.649,0.409,0.391,0.539,-156.098,105.18,376.99,100.546,2.331,3.301,0.708,Zapotec-Modal,0.706149651620721,-448799787894101641
Zapotec_M1,1,M,Zapotec,Santiago Matatlan Zapotec,speaker1M_oC41,10.0,352.685,342.685,5,oC41,Vowel,o,Creaky,Oral,51.0,2.0,Big,,Unaspirated,,143.532,143.246,143.827,229.292,535.729,85.298,877.137,61.736,2440.149,113.656,3238.91,207.351,752.943,2816.894,3944.779,3981.877,8.866,7.984,13.451,9.537,21.934,1.435,21.932,-4.755,18.164,-3.755,-6.731,4.79,-4.584,-1.553,-8.483,8.102,-13.066,12.781,-9.298,11.739,15.597,3.194,2.932,50.695,52.097,58.777,59.508,31.496,0.402,Lfall,0.496,0.395,0.262,0.299,-2038.422,180.455,2796.302,180.129,0.116,0.66,-0.144,Zapotec-Creaky,0.175757575757576,8104707199459835667
Zapotec_M1,1,M,Zapotec,Santiago Matatlan Zapotec,speaker1M_oC41_1,10.0,247.864,237.864,5,oC41,Vowel,o,Creaky,Oral,51.0,2.0,Big,,Unaspirated,,126.128,125.455,127.096,126.021,513.901,95.19,878.092,61.314,2334.499,171.164,3024.536,203.432,586.742,1512.863,3225.058,4086.013,7.069,6.342,11.286,8.117,18.2,-7.55,18.197,-8.18,13.235,-7.87,-12.597,-2.751,-4.217,-1.776,-6.914,15.667,-11.129,14.548,-6.166,14.211,19.666,9.093,1.112,45.592,45.924,50.151,49.514,27.826,0.743,Lfall,0.605,0.455,0.452,0.461,-1284.274,129.824,3047.544,127.643,1.301,2.792,0.466,Zapotec-Creaky,0.465974212034384,-8795865834863737086
Zapotec_M1,1,M,Zapotec,Santiago Matatlan Zapotec,speaker1M_oM11,10.0,113.197,103.197,5,oM11,Vowel,o,Modal,Oral,55.0,1.0,High,,Unaspirated,,136.222,135.855,138.635,135.582,512.802,97.741,849.473,77.261,2402.013,115.368,3759.869,344.772,761.869,2422.987,3872.936,5152.995,2.659,1.805,7.132,3.347,14.273,-6.024,14.271,-11.847,9.04,-11.768,-13.179,-3.535,-4.473,-1.541,-7.141,9.371,-11.613,13.68,-6.381,13.573,15.837,5.34,0.552,26.771,26.512,32.288,36.612,20.275,0.578,high,0.581,0.472,0.618,0.237,-97.461,61.19,318.188,59.467,1.088,3.991,0.276,Zapotec-Modal,0.272613380105237,-4000694180276830710
Zapotec_M1,1,M,Zapotec,Santiago Matatlan Zapotec,speaker1M_oM5_1,10.0,147.095,137.095,5,oM5,Vowel,o,Modal,Oral,55.0,1.0,High,,Unaspirated,,114.954,115.282,117.041,116.066,524.001,92.507,878.543,76.998,2467.384,217.249,3919.586,114.548,739.491,2588.146,3915.743,4076.221,-1.115,-1.742,2.289,-0.403,9.734,-8.006,9.959,-17.221,5.727,-16.682,-20.355,-7.562,-3.404,-1.34,-7.445,7.603,-11.075,15.521,-6.843,14.94,19.24,5.82,0.206,39.108,40.701,46.48,47.609,25.146,0.423,high,0.594,0.485,0.554,0.537,-193.298,80.907,582.379,76.213,1.542,3.435,0.448,Zapotec-Modal,0.448908296943231,4247802915632959701
Zapotec_M1,1,M,Zapotec,Santiago Matatlan Zapotec,speaker1M_uB25_1,10.0,290.857,280.857,5,uB25,Vowel,u,Breathy,Oral,31.0,2.0,Mid,,Unaspirated,,121.179,120.705,121.698,121.052,381.61,156.009,773.982,134.579,2181.853,211.359,3061.757,350.982,634.734,2536.986,4434.138,5218.868,4.847,3.755,7.298,2.199,8.145,-1.297,6.245,-16.24,1.515,-14.948,-22.584,-8.275,-2.451,1.556,-0.847,3.496,-1.398,20.008,3.332,18.703,27.431,12.029,0.162,41.777,50.754,55.165,56.83,24.335,0.679,Sfall,0.537,0.434,0.465,0.484,-748.781,153.24,1561.375,149.209,1.68,2.098,0.82,Zapotec-Breathy,0.800762631077216,-585775348863691228
Zapotec_M1,1,M,Zapotec,Santiago Matatlan Zapotec,speaker1M_uB29_1,10.0,210.374,200.374,5,uB29,Vowel,u,Breathy,Oral,31.0,2.0,Mid,,Unaspirated,,110.732,109.543,110.31,109.936,347.173,165.324,1324.769,267.344,2268.452,199.236,3373.591,184.659,398.029,1734.579,3242.716,4509.936,4.671,3.782,4.576,0.417,2.939,-6.445,2.312,-18.012,-15.221,-25.407,-24.608,-17.036,0.095,3.365,1.637,6.862,2.359,21.797,19.892,29.189,29.279,20.819,0.064,30.103,38.139,43.061,45.622,20.256,0.293,Sfall,0.545,0.395,0.087,0.4,-1597.643,112.039,2659.034,111.742,1.537,1.71,5.061,Zapotec-Breathy,0.898830409356725,-2336002579970938478
Zapotec_M1,1,M,Zapotec,Santiago Matatlan Zapotec,speaker1M_uC42,10.0,248.565,238.565,5,uC42,Vowel,u,Creaky,Oral,51.0,2.0,Big,,Unaspirated,,125.53,54.107,137.705,195.734,518.305,94.226,859.01,43.369,2462.663,332.444,3435.762,266.656,792.664,3011.627,3601.379,4237.911,-7.335,-8.276,-0.836,-5.111,3.502,-13.455,7.569,-18.337,4.68,-16.207,-24.171,-9.724,-6.499,-3.165,-4.339,8.344,-14.905,10.101,-12.016,7.931,16.836,1.448,0.163,25.006,30.005,39.22,42.827,19.315,0.206,Lfall,0.601,0.481,0.647,0.625,-440.955,132.489,2224.694,127.486,1.029,3.657,0.287,Zapotec-Creaky,0.281378178835111,-3924014868325811191
Zapotec_M2,2,M,Zapotec,Santiago Matatlan Zapotec,speaker2M_eC39_1,10.0,97.837,87.837,5,eC39,Vowel,e,Creaky,Oral,51.0,2.0,Big,,Unaspirated,,105.524,270.78,264.296,106.839,536.839,25.782,1664.141,64.643,2416.007,150.07,3746.61,372.269,585.706,1859.753,3059.288,5346.471,9.112,8.695,14.762,12.985,16.434,5.814,24.438,0.051,12.143,-0.482,3.217,-1.437,-5.65,-4.29,-1.671,7.171,-15.326,8.645,-3.032,9.177,5.894,10.132,3.491,8.954,13.313,14.867,20.633,25.967,0.0,Lfall,0.693,0.649,0.643,0.563,-220.856,55.694,307.339,51.222,1.89,2.182,1.199,Zapotec-Creaky,0.866177818515124,-2464935388332484697
Zapotec_M2,2,M,Zapotec,Santiago Matatlan Zapotec,speaker2M_iB10,10.0,204.324,194.324,5,iB10,Vowel,i,Breathy,Oral,31.0,2.0,Mid,,Unaspirated,,115.303,114.872,116.319,115.863,339.757,103.855,2067.053,109.998,2755.413,125.051,3562.936,395.368,1668.378,2978.439,4640.68,5237.512,11.296,10.16,7.86,2.136,-0.178,-1.178,9.934,-7.743,-9.695,-9.721,-10.581,-7.231,3.437,8.024,8.038,3.314,1.362,17.903,20.991,19.881,21.878,17.39,0.223,28.422,42.738,41.18,39.46,21.756,0.0,Sfall,0.728,0.636,0.685,0.478,-563.262,108.76,567.104,104.626,2.259,2.991,0.757,Zapotec-Breathy,0.755265797392176,1584527905370701847
Zapotec_M2,2,M,Zapotec,Santiago Matatlan Zapotec,speaker2M_iM10,10.0,220.35,210.35,5,iM10,Vowel,i,Modal,Oral,55.0,1.0,High,,Unaspirated,,122.697,122.305,123.116,129.583,254.309,24.209,2066.827,72.077,2852.046,104.123,3480.564,302.265,2165.175,2961.702,5011.012,,5.671,3.451,15.868,3.416,-3.549,4.623,15.865,3.247,-6.663,-1.75,-7.805,2.86,-10.196,0.035,19.416,-1.208,-10.194,0.204,12.334,5.2,13.477,0.59,0.365,49.768,62.363,60.637,56.897,30.474,0.43,high,0.699,0.426,0.568,0.338,-551.134,114.861,562.906,112.139,1.436,4.336,0.333,Zapotec-Modal,0.331180811808118,1161618612867002960
Zapotec_M2,2,M,Zapotec,Santiago Matatlan Zapotec,speaker2M_oM5,10.0,161.163,151.163,5,oM5,Vowel,o,Modal,Oral,55.0,1.0,High,,Unaspirated,,134.917,135.384,135.893,135.769,521.543,48.819,901.535,37.015,2708.168,188.232,4422.289,320.569,745.103,2860.187,4722.857,,17.692,16.858,20.621,16.935,26.658,4.843,26.653,0.465,20.678,-0.318,-5.515,11.197,-2.93,-0.077,-6.036,12.091,-8.962,16.451,-2.987,17.176,23.206,5.66,10.944,33.861,37.183,45.073,43.506,27.339,0.617,high,0.618,0.446,0.017,0.37,-2477.729,86.239,2340.106,84.786,-1.145,-5.456,3.081,Zapotec-Modal,0.209860703812317,-333091358403755992
Zapotec_M3,3,M,Zapotec,San Juan Guelavia Zapotec,speaker3M_aB14_1,10.0,119.87,109.87,5,aB14,Vowel,a,Breathy,Oral,31.0,2.0,Mid,,Unaspirated,,149.558,23.392,155.537,151.017,734.481,64.569,1277.609,87.941,2067.728,145.598,3762.846,204.63,897.651,1437.971,1841.673,3827.411,0.563,0.042,2.523,0.309,12.158,-0.738,16.481,-11.694,9.327,-13.49,-5.042,-15.319,-1.96,-0.267,-9.635,1.047,-15.918,11.742,-8.764,13.532,5.605,15.36,0.882,35.216,25.73,28.943,34.276,23.473,0.0,Sfall,0.552,0.45,0.596,0.401,-542.788,66.536,1487.246,63.811,0.661,2.814,0.235,Zapotec-Breathy,0.234896943852168,5842601360583318242
Zapotec_M3,3,M,Zapotec,San Juan Guelavia Zapotec,speaker3M_aB23,10.0,272.926,262.926,5,aB23,Vowel,a,Breathy,Oral,31.0,2.0,Mid,,Unaspirated,,163.989,163.107,167.17,164.516,937.359,330.765,1497.321,323.182,2544.893,596.408,3781.939,244.762,975.137,1567.318,2804.956,3786.721,6.973,6.58,7.977,6.342,7.57,-0.558,11.247,-19.522,6.575,-19.345,-11.981,-19.221,-1.004,0.239,0.407,6.9,-4.274,26.127,0.397,25.925,18.954,25.801,0.704,49.446,42.43,43.402,43.566,27.441,0.128,Sfall,0.388,0.363,0.458,0.361,-548.826,142.714,1322.824,140.494,0.457,1.692,0.271,Zapotec-Breathy,0.270094562647754,-7311099086382389586
Zapotec_M3,3,M,Zapotec,San Juan Guelavia Zapotec,speaker3M_aB23_1,10.0,323.733,313.733,5,aB23,Vowel,a,Breathy,Oral,31.0,2.0,Mid,,Unaspirated,,144.05,143.361,145.193,143.886,884.716,213.802,1443.159,257.08,2275.639,510.099,3698.509,457.992,868.375,1478.747,3176.477,5032.534,3.344,3.023,8.635,7.307,-1.172,-7.427,10.51,-20.426,0.733,-25.477,-15.207,-27.504,-5.291,-4.284,9.807,14.733,-7.166,23.462,2.611,28.5,18.551,30.527,0.307,54.28,50.341,53.343,55.32,28.015,0.628,Sfall,0.528,0.463,0.573,0.507,-365.829,169.372,1350.763,165.824,0.605,2.91,0.209,Zapotec-Breathy,0.207903780068729,-7461826114205601410
Zapotec_M3,3,M,Zapotec,San Juan Guelavia Zapotec,speaker3M_aC31a,10.0,316.112,306.112,5,aC31a,Vowel,a,Creaky,Oral,51.0,2.0,Big,,Unaspirated,,151.501,44.663,417.042,205.865,911.782,110.597,1404.972,131.478,2375.974,414.439,3859.474,719.179,1046.114,1565.142,2835.548,5532.077,-11.291,-11.646,-12.144,-13.614,-11.968,-19.015,2.754,-28.614,-1.435,-28.625,-16.976,-26.333,0.852,1.969,-0.176,5.401,-14.045,16.989,-9.857,16.979,5.685,14.687,0.073,28.3,22.447,27.142,32.038,17.469,0.354,Lfall,0.487,0.455,0.535,0.41,-255.329,177.818,606.73,175.185,0.587,1.701,0.345,Zapotec-Creaky,0.345091122868901,-7117433424921499990
Zapotec_M3,3,M,Zapotec,San Juan Guelavia Zapotec,speaker3M_aC31a_1,10.0,300.87,290.87,5,aC31a,Vowel,a,Creaky,Oral,51.0,2.0,Big,,Unaspirated,,140.08,139.801,141.019,139.571,871.326,97.947,1400.007,94.614,2324.661,225.112,3840.334,464.291,1125.431,1976.34,3716.217,3914.038,-6.53,-6.854,-1.754,-3.094,-8.841,-15.167,9.552,-21.203,5.936,-20.207,-9.173,-19.319,-4.776,-3.759,7.087,12.073,-16.082,14.363,-12.466,13.353,2.643,12.465,0.18,55.275,46.891,46.87,47.454,28.452,0.556,Lfall,0.585,0.511,0.645,0.597,-213.847,158.391,740.794,154.102,0.587,3.206,0.183,Zapotec-Creaky,0.183094198378041,983937540645172086
Zapotec_M3,3,M,Zapotec,San Juan Guelavia Zapotec,speaker3M_aC32_1,10.0,129.396,119.396,5,aC32,Vowel,a,Creaky,Oral,51.0,2.0,Big,,Unaspirated,,197.159,198.322,201.6,198.93,810.322,102.888,1408.468,121.063,2327.485,152.025,3801.465,900.396,1016.583,1471.821,2429.821,4529.759,4.526,3.787,8.217,4.993,22.285,-5.031,22.285,-5.605,18.906,-3.461,3.647,-4.059,-3.691,-1.206,-14.069,10.024,-17.759,9.405,-14.38,7.248,0.878,7.847,3.277,55.805,44.767,43.675,45.756,30.344,0.488,Lfall,0.602,0.564,0.698,0.549,-486.087,71.559,1453.505,68.739,0.445,1.955,0.227,Zapotec-Creaky,0.227621483375959,2243919829000987400
Zapotec_M3,3,M,Zapotec,San Juan Guelavia Zapotec,speaker3M_aC32a,10.0,139.558,129.558,5,aC32a,Vowel,a,Creaky,Oral,51.0,2.0,Big,,Unaspirated,,139.027,138.928,138.935,137.181,806.645,803.717,1388.636,186.11,2461.331,593.4,3846.74,513.002,1132.569,1602.781,3520.368,5142.372,-4.135,-4.461,-3.277,-4.627,-11.889,-18.329,-6.191,-36.559,-2.517,-28.026,-24.71,-30.438,-0.858,0.166,8.611,13.702,2.056,32.118,-1.619,23.564,20.574,25.976,0.029,48.592,43.643,46.699,48.249,21.948,0.462,Lfall,0.456,0.403,0.496,0.342,-276.683,75.504,614.07,73.013,1.386,2.378,0.575,Zapotec-Creaky,0.582842724978974,5666743098903560754
Zapotec_M3,3,M,Zapotec,San Juan Guelavia Zapotec,speaker3M_aC35,10.0,289.438,279.438,5,aC35,Vowel,a,Creaky,Oral,51.0,2.0,Big,,Unaspirated,,164.1,164.271,164.688,164.355,815.794,164.411,1285.242,134.748,2214.865,222.612,3731.829,226.82,1008.5,1570.925,3094.09,4046.596,6.28,5.767,5.887,3.716,12.754,0.748,18.191,-11.456,14.618,-10.609,-0.916,-9.53,0.394,2.051,-6.867,2.969,-11.911,17.238,-8.338,16.376,7.196,15.296,1.839,56.493,46.305,47.267,49.52,30.176,0.0,Lfall,0.538,0.489,0.566,0.544,-698.348,152.268,1968.787,148.948,0.881,2.227,0.396,Zapotec-Creaky,0.395599461158509,7223750257881064835
Zapotec_M3,3,M,Zapotec,San Juan Guelavia Zapotec,speaker3M_aC35_1,10.0,265.305,255.305,5,aC35,Vowel,a,Creaky,Oral,51.0,2.0,Big,,Unaspirated,,153.317,153.302,153.897,153.303,813.257,219.499,1279.297,196.867,2229.384,266.753,3821.742,85.381,1021.319,1819.663,3834.13,4158.66,5.938,5.481,8.646,6.725,6.983,-3.053,13.878,-16.076,9.755,-15.905,-5.722,-13.786,-2.708,-1.244,1.664,9.778,-7.939,21.572,-3.817,21.385,11.661,19.267,0.805,63.006,54.014,56.888,58.91,31.543,0.951,Lfall,0.566,0.506,0.596,0.556,-689.639,139.84,1714.985,136.206,0.661,2.512,0.263,Zapotec-Creaky,0.263136942675159,-9164324947262616590
Zapotec_M3,3,M,Zapotec,San Juan Guelavia Zapotec,speaker3M_aC37,10.0,314.841,304.841,5,aC37,Vowel,a,Creaky,Oral,51.0,2.0,Big,,Unaspirated,,161.681,161.711,161.977,161.436,860.307,180.069,1347.797,196.517,2309.136,207.532,3780.548,250.639,1068.072,2060.691,3885.747,4164.769,8.654,8.208,7.664,5.794,11.2,1.522,16.177,-13.985,13.276,-12.377,1.625,-7.237,0.99,2.414,-3.536,4.272,-7.523,22.21,-4.622,20.585,7.029,15.445,1.745,57.301,48.923,49.422,50.827,31.337,0.0,Lfall,0.526,0.469,0.518,0.383,-709.723,163.735,1841.767,161.351,1.308,1.755,0.826,Zapotec-Creaky,0.745299145299145,-5989548370387488296
Zapotec_M3,3,M,Zapotec,San Juan Guelavia Zapotec,speaker3M_aC37_1,10.0,309.761,299.761,5,aC37,Vowel,a,Creaky,Oral,51.0,2.0,Big,,Unaspirated,,162.63,162.58,162.911,162.364,828.612,211.515,1355.713,168.576,2304.812,272.102,3857.8,159.574,1088.499,1889.5,3836.73,3919.07,8.255,7.783,6.931,4.942,10.011,-0.649,13.534,-15.945,11.202,-13.411,-4.209,-12.583,1.324,2.841,-3.08,5.591,-5.279,23.742,-2.947,21.194,12.464,20.365,0.948,69.396,60.82,59.08,58.111,29.822,0.0,Lfall,0.499,0.451,0.515,0.463,-837.052,161.741,2122.364,158.882,1.023,1.969,0.523,Zapotec-Creaky,0.519553072625698,3915610922612867386
Zapotec_M3,3,M,Zapotec,San Juan Guelavia Zapotec,speaker3M_aC47,10.0,400.599,390.599,5,aC47,Vowel,a,Creaky,Oral,51.0,2.0,Big,,Unaspirated,,163.024,163.375,161.986,162.189,853.13,202.998,1283.156,209.454,2243.29,269.669,3736.182,122.424,1032.932,1665.193,1966.201,3770.647,9.174,8.713,9.254,7.322,12.521,2.542,17.554,-13.41,14.185,-12.963,-0.619,-9.575,-0.081,1.391,-3.267,4.78,-8.38,22.144,-5.011,21.676,9.792,18.287,2.41,61.215,52.748,54.268,55.781,30.844,0.023,Lfall,0.505,0.457,0.52,0.465,-954.141,206.803,2770.223,203.951,0.985,2.012,0.49,Zapotec-Creaky,0.489562624254473,1452516972410123733
Zapotec_M3,3,M,Zapotec,San Juan Guelavia Zapotec,speaker3M_aC47_1,10.0,348.647,338.647,5,aC47,Vowel,a,Creaky,Oral,51.0,2.0,Big,,Unaspirated,,149.408,149.506,149.211,148.827,854.346,171.8,1342.984,169.075,2197.237,305.899,3678.418,310.11,966.259,1545.421,3568.62,4642.825,7.099,6.715,9.687,8.087,5.105,-2.763,15.706,-14.779,10.459,-15.609,-6.833,-18.089,-2.588,-1.372,4.581,10.85,-8.606,21.507,-3.359,22.324,13.932,24.804,0.878,66.409,59.819,61.537,63.785,32.522,0.583,Lfall,0.492,0.43,0.507,0.458,-756.257,181.484,2486.524,178.418,1.137,2.433,0.466,Zapotec-Creaky,0.467324290998767,-4958837992108931564
Zapotec_M3,3,M,Zapotec,San Juan Guelavia Zapotec,speaker3M_aM1_1,10.0,121.179,111.179,5,aM1,Vowel,a,Modal,Oral,55.0,1.0,High,,Unaspirated,,167.289,167.566,170.808,168.915,699.906,100.888,1182.015,66.211,2160.853,91.771,3828.516,231.69,981.084,1118.933,2127.438,4486.136,-0.919,-1.632,2.136,-0.963,14.922,-10.172,14.921,-12.762,13.149,-9.561,-8.531,-12.942,-3.055,-0.669,-12.786,9.21,-15.84,11.143,-14.068,7.93,7.613,11.311,0.725,54.629,43.936,46.48,50.364,25.8,0.909,high,0.503,0.467,0.508,0.423,-489.709,66.281,958.936,63.742,1.417,2.007,0.706,Zapotec-Modal,0.706028898854011,-6165769335597205563
Zapotec_M3,3,M,Zapotec,San Juan Guelavia Zapotec,speaker3M_aM13,10.0,127.491,117.491,5,aM13,Vowel,a,Modal,Oral,55.0,1.0,High,,Unaspirated,,174.045,173.393,179.67,175.102,727.844,127.914,1353.556,113.801,2219.57,191.343,3738.07,496.189,1019.372,1468.111,2327.833,4266.066,1.087,0.39,4.553,1.515,16.71,-8.828,16.709,-10.313,12.359,-8.59,-2.216,-9.897,-3.466,-1.124,-12.157,10.343,-15.622,10.711,-11.272,8.98,3.303,10.287,1.247,44.222,34.941,35.331,38.957,26.293,0.698,high,0.613,0.516,0.663,0.43,-554.444,69.726,1535.205,67.235,0.525,2.456,0.214,Zapotec-Modal,0.213762214983713,3988701471190309795
Zapotec_M3,3,M,Zapotec,San Juan Guelavia Zapotec,speaker3M_aM13_1,10.0,136.382,126.382,5,aM13,Vowel,a,Modal,Oral,55.0,1.0,High,,Unaspirated,,145.92,146.067,150.628,147.695,769.17,119.688,1388.463,129.667,2174.247,195.558,3765.41,769.93,867.741,1509.751,2308.023,4923.136,-1.307,-1.761,0.979,-0.937,5.229,-5.226,12.805,-15.327,5.501,-16.738,-8.674,-19.264,-2.286,-0.824,-4.25,4.288,-14.112,13.573,-6.808,14.977,7.367,17.503,0.348,43.044,35.321,36.963,41.61,24.871,0.0,high,0.559,0.496,0.604,0.364,-353.795,74.525,1308.782,72.012,0.46,2.666,0.172,Zapotec-Modal,0.172543135783946,-3519460700220696096
Zapotec_M3,3,M,Zapotec,San Juan Guelavia Zapotec,speaker3M_aM2,10.0,296.286,286.286,5,aM2,Vowel,a,Modal,Oral,55.0,1.0,High,,Unaspirated,,152.832,152.057,155.915,153.071,890.686,208.972,1306.642,207.302,2295.719,491.017,3948.974,190.277,959.699,1404.647,3601.763,4515.823,-1.597,-2.001,2.685,1.003,-1.517,-9.807,8.999,-22.706,5.482,-22.603,-16.197,-25.169,-4.282,-3.003,4.202,10.81,-10.596,20.731,-7.079,20.602,14.601,23.168,0.203,53.32,44.688,46.529,49.105,25.369,0.543,high,0.522,0.456,0.579,0.146,-263.66,152.845,886.832,151.879,0.751,3.124,0.236,Zapotec-Modal,0.240396927016645,9062904754609954744
Zapotec_M3,3,M,Zapotec,San Juan Guelavia Zapotec,speaker3M_aM2_1,10.0,276.83,266.83,5,aM2,Vowel,a,Modal,Oral,55.0,1.0,High,,Unaspirated,,144.458,143.202,148.46,159.568,853.882,236.793,1296.485,226.268,2133.996,526.566,3877.223,226.633,925.271,1420.302,4050.731,4488.535,-2.727,-3.1,2.41,0.858,-4.936,-12.433,6.721,-24.698,1.099,-26.476,-18.26,-30.482,-5.136,-3.958,7.346,13.291,-9.447,21.613,-3.825,23.376,15.534,27.382,0.114,44.377,37.738,40.567,45.265,21.453,0.467,high,0.523,0.461,0.592,0.355,-241.024,144.505,837.719,142.011,0.822,2.929,0.22,Zapotec-Modal,0.280641857289177,5175674291046890768
Zapotec_M3,3,M,Zapotec,San Juan Guelavia Zapotec,speaker3M_aM6_1,10.0,143.415,133.415,5,aM6,Vowel,a,Modal,Oral,55.0,1.0,High,,Unaspirated,,176.264,177.093,174.18,175.371,731.768,115.571,1186.179,80.12,2143.89,120.305,3716.459,138.719,1024.041,1926.648,3808.984,4693.407,3.37,2.662,4.957,1.892,17.769,-5.543,17.768,-10.708,15.487,-8.551,-0.13,-5.49,-1.587,0.769,-12.812,7.436,-14.398,13.386,-12.118,11.212,3.5,8.152,1.978,55.692,46.386,47.285,48.918,28.786,0.61,high,0.508,0.498,0.593,0.451,-803.406,77.837,1418.311,75.288,0.621,2.018,0.308,Zapotec-Modal,0.307730426164519,5555221886125915977
Zapotec_M3,3,M,Zapotec,San Juan Guelavia Zapotec,speaker3M_eB17,10.0,285.627,275.627,5,eB17,Vowel,e,Breathy,Oral,31.0,2.0,Mid,,Unaspirated,,170.083,170.228,169.93,170.959,496.128,41.962,2037.359,70.625,2557.589,225.637,3851.051,227.664,439.768,2189.631,3859.397,4201.451,5.164,4.019,10.259,4.544,2.632,0.405,17.12,-5.166,10.401,4.321,2.662,-3.924,-5.095,-0.525,7.627,4.139,-11.955,9.186,-5.237,-0.302,2.502,7.943,0.963,58.477,62.668,59.602,58.492,32.904,0.0,Sfall,0.559,0.494,0.588,0.357,-619.514,148.57,1499.1,146.468,0.958,1.958,0.492,Zapotec-Breathy,0.489274770173647,-234461452801338131
Zapotec_M3,3,M,Zapotec,San Juan Guelavia Zapotec,speaker3M_eB17_1,10.0,267.845,257.845,5,eB17,Vowel,e,Breathy,Oral,31.0,2.0,Mid,,Unaspirated,,155.217,155.081,156.043,156.216,474.832,55.338,2023.376,87.21,2557.953,153.52,3866.11,186.142,438.496,2230.106,3608.651,4120.614,2.926,1.891,6.705,1.663,4.877,1.058,14.084,-8.176,5.951,0.176,1.343,-4.743,-3.778,0.228,1.828,0.605,-11.158,10.067,-3.025,1.714,1.583,6.633,0.44,55.096,58.805,54.846,53.225,30.07,0.0,Sfall,0.566,0.521,0.601,0.546,-621.297,141.429,1476.211,137.892,0.749,2.196,0.341,Zapotec-Breathy,0.341074681238616,-1789487147015758387
Zapotec_M3,3,M,Zapotec,San Juan Guelavia Zapotec,speaker3M_eB18,10.0,109.073,99.073,5,eB18,Vowel,e,Breathy,Oral,31.0,2.0,Mid,,Unaspirated,,178.897,177.644,184.381,179.946,512.011,57.363,1758.242,90.278,2256.133,158.82,3750.851,201.759,1267.603,2042.405,3694.003,,3.024,1.696,9.865,2.984,-1.696,-2.665,11.835,-10.371,5.6,-3.681,1.905,-5.939,-6.841,-1.288,11.561,5.649,-8.81,12.067,-2.576,5.377,1.119,7.635,0.643,46.721,49.371,43.457,42.786,25.768,0.0,Sfall,0.602,0.574,0.636,0.406,-568.042,60.54,1323.395,58.248,0.829,1.612,0.514,Zapotec-Breathy,0.514267990074442,4741418992351550938
Zapotec_M3,3,M,Zapotec,San Juan Guelavia Zapotec,speaker3M_eB18_1,10.0,123.045,113.045,5,eB18,Vowel,e,Breathy,Oral,31.0,2.0,Mid,,Unaspirated,,154.555,154.619,160.119,155.945,486.401,57.809,1804.745,105.512,2428.9,143.654,3777.2,143.862,543.038,2054.177,2963.47,3876.156,-0.853,-1.9,3.571,-1.505,2.039,-2.27,12.658,-9.892,-0.64,-9.194,-6.855,-11.662,-4.425,-0.395,1.533,0.765,-13.511,7.993,-0.213,7.293,6.002,9.761,0.25,44.569,45.981,41.273,41.265,23.394,0.0,Sfall,0.568,0.535,0.588,0.539,-580.092,68.715,1429.6,65.181,0.635,2.086,0.304,Zapotec-Breathy,0.304410354745925,-4677293824474546841
Zapotec_M3,3,M,Zapotec,San Juan Guelavia Zapotec,speaker3M_eB20_1,10.0,120.505,110.505,5,eB20,Vowel,e,Breathy,Oral,31.0,2.0,Mid,,Unaspirated,,164.872,165.743,169.788,166.673,502.866,45.904,1836.286,69.594,2440.872,115.978,3794.53,143.033,759.658,2131.593,3021.441,3902.392,3.33,2.227,8.156,2.741,3.473,0.056,16.665,-5.733,7.927,-0.542,2.984,-2.517,-4.826,-0.514,4.683,2.685,-13.335,7.96,-4.598,2.769,0.346,4.744,0.762,48.368,48.985,42.033,39.067,24.684,0.0,Sfall,0.59,0.545,0.6,0.56,-640.019,67.71,1574.186,64.272,0.848,2.103,0.403,Zapotec-Breathy,0.403233475986686,2291144076172012581
Zapotec_M3,3,M,Zapotec,San Juan Guelavia Zapotec,speaker3M_eB30,10.0,142.098,132.098,5,eB30,Vowel,e,Breathy,Oral,31.0,2.0,Mid,,Unaspirated,,175.208,175.217,181.099,175.99,532.565,71.327,1934.83,399.129,2410.931,342.701,3832.22,221.026,626.065,2252.27,3822.817,5087.272,9.223,8.062,13.648,7.874,9.032,6.264,18.971,-3.506,5.507,-3.059,6.755,-1.703,-4.425,0.188,4.615,1.61,-9.748,11.569,3.716,11.121,2.468,9.765,1.919,36.057,37.563,33.278,32.154,27.122,0.0,Sfall,0.586,0.495,0.584,0.572,-775.596,77.986,1979.683,74.639,1.102,2.077,0.531,Zapotec-Breathy,0.530572941742898,-8197846897879393921
Zapotec_M3,3,M,Zapotec,San Juan Guelavia Zapotec,speaker3M_eB30_1,10.0,145.908,135.908,5,eB30,Vowel,e,Breathy,Oral,31.0,2.0,Mid,,Unaspirated,,167.381,167.593,173.318,168.881,503.31,54.817,1938.169,129.533,2469.231,180.966,3853.884,126.101,527.573,2219.515,3881.635,4214.526,7.964,6.815,12.569,6.846,6.301,3.785,18.798,-3.447,8.236,0.827,6.223,-0.801,-4.604,-0.031,6.267,3.061,-10.834,10.264,-0.271,5.988,1.742,7.616,1.573,36.277,39.102,34.575,33.333,26.234,0.0,Sfall,0.57,0.487,0.571,0.449,-675.798,79.288,1733.535,76.544,1.12,1.955,0.572,Zapotec-Breathy,0.572890025575448,-3378500395868220249
Zapotec_M3,3,M,Zapotec,San Juan Guelavia Zapotec,speaker3M_eC39_1,10.0,161.692,151.692,5,eC39,Vowel,e,Creaky,Oral,51.0,2.0,Big,,Unaspirated,,147.326,146.64,146.74,147.237,445.768,63.925,2204.618,163.281,2688.572,204.61,4038.844,514.501,453.994,2412.551,3270.448,5663.937,-5.986,-6.891,-3.809,-8.125,-5.558,-13.008,-1.635,-23.902,-8.886,-13.048,-10.443,-17.533,-2.177,1.234,1.749,4.883,-4.351,17.011,2.9,6.157,4.457,10.642,0.052,33.613,42.128,41.068,40.393,20.413,0.098,Lfall,0.475,0.458,0.512,0.443,-422.566,87.614,858.251,84.574,0.647,1.679,0.384,Zapotec-Creaky,0.385348421679571,1505400600147323141
Zapotec_M3,3,M,Zapotec,San Juan Guelavia Zapotec,speaker3M_eC40,10.0,301.641,291.641,5,eC40,Vowel,e,Creaky,Oral,51.0,2.0,Big,,Unaspirated,,171.887,172.517,170.134,172.188,495.161,45.597,2058.831,98.302,2557.98,196.155,3926.17,194.632,523.465,2252.576,3273.652,4192.361,8.258,7.093,13.583,7.74,2.612,0.715,18.257,-3.957,7.438,1.699,4.518,-2.591,-5.325,-0.647,10.971,7.025,-9.999,11.051,0.819,5.394,3.739,9.685,1.207,51.971,57.142,53.141,50.571,29.807,0.0,Lfall,0.525,0.472,0.535,0.416,-735.86,156.71,1859.788,154.3,0.761,2.177,0.35,Zapotec-Creaky,0.349563619660083,-701953762906654640
Zapotec_M3,3,M,Zapotec,San Juan Guelavia Zapotec,speaker3M_eC40_1,10.0,270.324,260.324,5,eC40,Vowel,e,Creaky,Oral,51.0,2.0,Big,,Unaspirated,,165.596,165.592,165.385,166.362,484.338,37.458,2018.77,107.205,2609.126,200.076,3931.418,184.539,511.913,2190.142,3066.924,4235.316,6.328,5.181,11.285,5.55,1.701,-0.407,16.946,-5.211,2.584,-3.235,-2.59,-7.199,-4.957,-0.37,9.583,5.958,-10.618,10.393,3.744,8.416,8.918,12.38,0.846,58.101,63.407,60.263,58.592,31.254,0.0,Lfall,0.574,0.492,0.58,0.418,-537.783,141.318,1703.006,138.79,0.876,2.278,0.384,Zapotec-Creaky,0.384547848990342,8444335047845162855
Zapotec_M3,3,M,Zapotec,San Juan Guelavia Zapotec,speaker3M_eM3,10.0,251.814,241.814,5,eM3,Vowel,e,Modal,Oral,55.0,1.0,High,,Unaspirated,,180.618,180.714,184.154,181.192,473.21,95.15,2006.11,74.268,2576.481,267.737,3949.196,151.748,1784.042,2864.202,3894.928,4106.338,4.101,2.584,10.492,2.053,-2.455,-0.599,4.582,-16.901,8.464,3.385,0.502,-3.995,-6.391,0.531,12.947,2.652,-0.482,19.485,-4.363,-0.802,3.599,6.579,0.467,50.861,55.688,49.414,46.63,28.416,0.0,high,0.503,0.476,0.658,0.4,-543.67,131.531,973.911,129.305,0.831,2.183,0.378,Zapotec-Modal,0.380668804397618,386148718178826442
Zapotec_M3,3,M,Zapotec,San Juan Guelavia Zapotec,speaker3M_iB24_1,10.0,349.136,339.136,5,iB24,Vowel,i,Breathy,Oral,31.0,2.0,Mid,,Unaspirated,,140.216,139.757,142.989,141.035,288.899,41.831,2277.066,91.84,2815.094,222.176,3939.197,79.402,1789.078,3504.089,4101.148,4382.366,5.557,3.223,12.819,-1.475,-5.142,3.269,12.817,-1.619,-4.176,1.025,-8.108,-4.77,-7.261,4.698,17.96,-4.744,-7.259,4.842,9.734,2.199,13.665,7.993,0.231,49.612,60.124,55.863,50.17,25.373,0.561,Sfall,0.533,0.504,0.605,0.503,-586.797,180.257,1541.611,176.651,1.597,2.339,0.862,Zapotec-Breathy,0.68277041470714,-6731285682226250397
Zapotec_M3,3,M,Zapotec,San Juan Guelavia Zapotec,speaker3M_iB28,10.0,356.757,346.757,5,iB28,Vowel,i,Breathy,Oral,31.0,2.0,Mid,,Unaspirated,,159.687,159.083,163.984,160.439,300.087,47.073,2389.776,63.091,3191.947,222.863,3834.218,127.087,2567.004,3640.225,4177.695,5277.507,9.389,6.491,10.723,-1.496,-12.649,-2.27,10.712,-4.0,-3.206,2.765,-5.762,3.165,-1.334,7.987,23.371,0.774,-1.323,10.491,12.595,3.726,15.151,3.325,0.257,43.467,57.092,54.282,47.604,23.895,0.695,Sfall,0.627,0.552,0.582,0.535,-777.97,185.639,1600.614,182.225,1.282,2.802,0.457,Zapotec-Breathy,0.457530335474661,-5494254708698524887
Zapotec_M3,3,M,Zapotec,San Juan Guelavia Zapotec,speaker3M_iM10,10.0,228.47,218.47,5,iM10,Vowel,i,Modal,Oral,55.0,1.0,High,,Unaspirated,,174.021,174.166,174.867,172.904,323.565,58.623,2350.742,127.476,2953.677,316.13,3698.903,179.342,2387.431,3490.539,4222.725,4378.296,6.04,3.089,7.641,-4.954,-15.619,-5.297,7.64,-7.996,-5.91,-1.215,-6.36,-2.47,-1.601,8.043,23.261,0.344,-1.6,11.085,11.95,4.304,12.4,5.559,0.125,53.652,69.467,70.61,65.818,30.219,0.886,high,0.668,0.603,0.626,0.54,-682.406,120.918,1302.136,117.821,1.046,2.809,0.372,Zapotec-Modal,0.372374510501958,139534374299547849
Zapotec_M3,3,M,Zapotec,San Juan Guelavia Zapotec,speaker3M_oB21,10.0,279.277,269.277,5,oB21,Vowel,o,Breathy,Oral,31.0,2.0,Mid,,Unaspirated,,167.363,166.722,169.17,167.8,493.458,53.588,904.555,110.869,2319.899,115.672,3704.36,67.407,648.578,2334.015,3728.433,3929.637,2.274,0.888,7.341,0.599,3.006,-5.144,15.489,-9.25,6.9,-11.663,-15.2,-4.193,-5.067,0.289,4.335,5.742,-13.215,10.162,-4.626,12.55,17.474,5.08,0.562,56.195,56.507,60.488,60.535,29.019,0.0,Sfall,0.582,0.53,0.659,0.455,-596.029,145.636,1415.31,142.893,0.937,2.141,0.438,Zapotec-Breathy,0.437645959831854,-8948963479043804810
Zapotec_M3,3,M,Zapotec,San Juan Guelavia Zapotec,speaker3M_oB26,10.0,233.55,223.55,5,oB26,Vowel,o,Breathy,Oral,31.0,2.0,Mid,,Unaspirated,,152.629,152.509,153.87,153.06,499.082,92.179,889.801,76.194,2332.141,79.198,3633.873,202.012,739.897,2432.398,3704.964,,8.17,7.036,11.75,6.484,15.839,4.786,18.23,-7.073,12.394,-6.997,-7.281,3.777,-3.58,0.552,-4.089,1.698,-10.06,14.134,-4.224,14.033,15.451,3.258,1.516,55.719,55.347,60.103,59.847,30.368,0.62,Sfall,0.559,0.537,0.631,0.511,-665.242,122.661,1544.701,119.313,0.8,3.576,0.233,Zapotec-Breathy,0.223713646532438,-910958660097414293
Zapotec_M3,3,M,Zapotec,San Juan Guelavia Zapotec,speaker3M_oB26_1,10.0,253.873,243.873,5,oB26,Vowel,o,Breathy,Oral,31.0,2.0,Mid,,Unaspirated,,147.48,147.282,148.123,147.351,484.683,109.702,880.223,67.902,2321.395,84.317,3622.127,194.607,758.964,2515.353,3748.875,4570.789,9.354,8.255,12.509,7.431,16.347,5.125,16.952,-8.201,13.85,-5.202,-10.09,1.425,-3.155,0.824,-3.838,2.306,-7.599,16.48,-4.496,13.457,19.443,6.83,1.454,55.054,56.707,60.57,61.203,29.629,0.746,Sfall,0.57,0.551,0.876,0.53,-716.157,132.516,1446.029,128.921,0.96,3.976,0.242,Zapotec-Breathy,0.241448692152918,3406123900209277819
Zapotec_M3,3,M,Zapotec,San Juan Guelavia Zapotec,speaker3M_oC48a,10.0,262.941,252.941,5,oC48a,Vowel,o,Creaky,Oral,51.0,2.0,Big,,Unaspirated,,196.626,196.676,195.351,197.155,492.109,152.164,772.567,190.694,2345.112,352.416,3801.754,112.933,613.626,864.687,3835.929,5054.367,8.411,6.454,14.787,4.5,9.365,-10.841,13.343,-12.504,9.364,-12.192,-18.673,-4.39,-6.375,1.954,5.421,15.34,-4.932,19.032,-0.953,18.646,27.084,10.844,1.197,55.405,58.235,63.644,65.741,27.741,0.0,Lfall,0.527,0.507,0.63,0.438,-731.127,137.329,1702.605,135.109,0.384,1.484,0.26,Zapotec-Creaky,0.258760107816712,3632145395219632364
Zapotec_M3,3,M,Zapotec,San Juan Guelavia Zapotec,speaker3M_oM11,10.0,138.287,128.287,5,oM11,Vowel,o,Modal,Oral,55.0,1.0,High,,Unaspirated,,187.634,183.99,197.934,189.36,541.347,40.125,911.623,96.292,2107.7,101.686,3696.662,207.358,679.712,2021.414,3738.524,,0.122,-1.429,7.168,-0.463,3.964,-7.387,15.044,-10.671,4.572,-16.315,-10.217,-5.875,-7.047,-0.966,3.204,6.925,-14.923,9.264,-4.45,14.886,10.339,4.446,0.629,41.292,39.151,41.943,43.912,22.755,0.0,high,0.627,0.549,0.706,0.582,-500.709,76.203,950.249,73.021,0.933,1.195,0.374,Zapotec-Modal,0.780753138075314,5080739036154003744
Zapotec_M3,3,M,Zapotec,San Juan Guelavia Zapotec,speaker3M_oM5_1,10.0,130.907,120.907,5,oM5,Vowel,o,Modal,Oral,55.0,1.0,High,,Unaspirated,,192.617,191.808,194.744,194.331,513.875,101.993,930.061,118.23,2307.031,79.615,3834.826,65.447,694.809,2206.175,3872.858,4573.931,1.178,-0.691,9.645,-0.408,5.489,-3.455,6.858,-17.383,4.664,-13.709,-14.121,-2.769,-8.466,-0.283,4.156,3.047,-5.68,16.72,-3.485,13.018,15.299,2.078,0.377,54.837,55.635,59.841,61.277,27.98,0.071,high,0.605,0.518,0.826,0.407,-542.201,70.714,1060.398,68.578,0.935,2.37,0.396,Zapotec-Modal,0.394514767932489,-2441070353369403750
Zapotec_M3,3,M,Zapotec,San Juan Guelavia Zapotec,speaker3M_uB25,10.0,293.249,283.249,5,uB25,Vowel,u,Breathy,Oral,31.0,2.0,Mid,,Unaspirated,,145.789,144.839,148.303,146.266,392.836,66.62,838.805,121.072,2407.787,85.147,3873.0,59.82,583.22,2387.54,3876.234,,4.403,2.788,11.068,2.639,0.533,-3.427,9.15,-12.413,-1.824,-16.803,-21.855,-3.928,-6.665,0.149,10.535,6.066,-4.746,15.221,6.228,19.591,26.258,6.717,0.296,43.157,50.119,54.684,55.947,24.403,0.0,Sfall,0.606,0.524,0.876,0.353,-499.174,150.754,1188.071,148.317,1.399,3.47,0.406,Zapotec-Breathy,0.403170028818444,-624571280166615671
Zapotec_M3,3,M,Zapotec,San Juan Guelavia Zapotec,speaker3M_uB25_1,10.0,289.438,279.438,5,uB25,Vowel,u,Breathy,Oral,31.0,2.0,Mid,,Unaspirated,,138.689,137.789,141.219,139.144,369.142,65.964,828.979,66.873,2400.664,78.392,3844.274,58.534,658.08,2384.948,3840.313,,3.83,2.247,10.637,2.367,-0.539,-3.436,9.225,-11.374,0.791,-13.082,-21.81,-3.508,-6.807,-0.121,11.176,5.803,-5.395,13.635,3.039,15.329,25.64,5.755,0.257,38.261,46.96,52.1,53.822,23.074,0.0,Sfall,0.57,0.548,0.929,0.464,-468.031,149.723,1159.511,146.351,1.551,3.603,0.44,Zapotec-Breathy,0.430474604496253,-3944246057320397500
Zapotec_M3,3,M,Zapotec,San Juan Guelavia Zapotec,speaker3M_uC41,10.0,296.748,286.748,5,uC41,Vowel,u,Creaky,Oral,51.0,2.0,Big,,Unaspirated,,191.216,191.405,188.923,381.51,375.926,22.229,763.143,9.006,2460.908,99.956,3779.602,60.194,723.642,2886.393,3809.699,4348.737,11.328,8.196,21.578,1.893,18.894,4.67,21.577,1.598,18.893,4.586,-12.286,10.254,-10.249,6.303,2.683,-2.777,-10.248,6.634,-7.565,3.61,23.615,-2.058,3.228,45.089,51.073,57.866,58.971,27.335,0.257,Lfall,0.529,0.508,0.592,0.489,-1189.504,154.045,1924.968,151.497,1.071,1.092,0.985,Zapotec-Creaky,0.980769230769231,15794531098422790
Zapotec_M3,3,M,Zapotec,San Juan Guelavia Zapotec,speaker3M_uC41_1,10.0,325.129,315.129,5,uC41,Vowel,u,Creaky,Oral,51.0,2.0,Big,,Unaspirated,,169.173,169.574,168.004,169.323,364.063,84.16,758.875,105.549,2504.711,167.149,3755.208,65.303,602.972,3251.474,4008.8,4294.038,8.224,5.757,15.416,-0.559,7.439,2.016,15.411,-4.622,6.156,-8.117,-18.971,3.82,-7.192,6.317,7.977,-2.575,-7.186,10.411,2.068,13.875,27.195,1.938,0.662,54.874,61.722,67.679,68.172,28.851,0.777,Lfall,0.514,0.506,0.597,0.493,-970.489,169.45,2177.646,166.546,0.659,1.394,0.473,Zapotec-Creaky,0.472740315638451,3980379863752645929
Zapotec_F5,5,F,Zapotec,Santiago Matatlan Zapotec,Speaker5_aM13,10.0,126.467,116.467,5,aM13,Vowel,a,Modal,Oral,55.0,1.0,High,,Unaspirated,,146.377,,165.771,311.06,920.447,103.579,1774.965,412.437,2592.438,258.912,3434.176,293.841,1099.25,2387.105,4033.399,4828.72,28.743,28.415,26.277,24.915,20.172,13.575,40.11,10.407,34.59,11.774,22.009,9.215,2.467,3.501,6.104,11.34,-11.366,18.016,-5.847,16.641,6.734,19.201,273.352,0.87,-1.525,-0.916,0.082,22.575,0.233,high,0.707,0.639,,0.712,-605.162,66.012,1806.302,63.32,0.418,2.66,0.155,Zapotec-Modal,0.157142857142857,6550656621760983698
Zapotec_F5,5,F,Zapotec,Santiago Matatlan Zapotec,Speaker5_aM13_1,10.0,128.876,118.876,5,aM13,Vowel,a,Modal,Oral,55.0,1.0,High,,Unaspirated,,131.549,60.882,96.117,132.961,804.182,202.012,1656.243,151.075,2997.526,128.158,4338.061,279.903,902.722,1683.204,3091.526,4523.995,17.155,16.878,18.912,17.765,16.978,11.567,24.784,-3.754,20.013,-0.836,11.127,9.439,-1.757,-0.887,1.934,6.198,-7.628,20.644,-2.858,17.714,6.028,7.439,12.606,3.796,0.97,5.477,8.873,22.158,0.792,high,0.59,0.461,0.571,0.156,-396.463,68.834,1316.117,67.574,0.943,3.544,0.292,Zapotec-Modal,0.266083521444695,-1785553433206163607
Zapotec_F5,5,F,Zapotec,Santiago Matatlan Zapotec,Speaker5_aM2,10.0,133.388,123.388,5,aM2,Vowel,a,Modal,Oral,55.0,1.0,High,,Unaspirated,,144.687,,163.929,147.579,931.697,128.584,1457.106,153.241,2604.751,194.392,3772.398,183.053,1165.104,1745.791,3003.506,3924.147,8.583,8.24,10.518,9.097,12.267,5.459,26.311,-4.592,23.377,-2.889,9.867,4.457,-1.935,-0.857,-1.749,3.638,-17.729,12.858,-14.794,11.129,-1.285,3.783,16.406,21.818,11.937,13.184,15.342,25.024,0.657,high,0.64,0.587,0.654,0.56,-552.679,73.628,1956.543,69.762,0.862,2.868,0.3,Zapotec-Modal,0.300557880055788,9021664624670136664
Zapotec_F5,5,F,Zapotec,Santiago Matatlan Zapotec,Speaker5_aM6_1,10.0,248.736,238.736,5,aM6,Vowel,a,Modal,Oral,55.0,1.0,High,,Unaspirated,,164.17,164.192,163.106,163.538,889.013,152.922,1671.349,125.774,2829.29,310.482,4154.813,783.338,1346.034,2012.72,3328.316,4276.612,14.75,14.359,16.094,14.457,22.701,14.332,28.742,-0.188,27.645,5.543,16.974,12.038,-1.343,-0.097,-6.607,0.125,-13.992,14.563,-12.894,8.817,-2.224,2.321,30.865,42.504,33.563,30.972,30.16,31.693,0.213,high,0.549,0.464,0.549,0.484,-543.594,131.687,1977.598,128.728,1.205,1.307,0.281,Zapotec-Modal,0.921958684009181,-3633270358278832238
Zapotec_F5,5,F,Zapotec,Santiago Matatlan Zapotec,Speaker5_aM6_2,10.0,139.219,129.219,5,aM6,Vowel,a,Modal,Oral,55.0,1.0,High,,Unaspirated,,137.218,58.438,151.737,137.485,890.246,339.176,1734.422,353.933,2617.143,355.855,4094.474,614.183,1272.254,1683.432,3018.094,5138.476,17.209,16.927,16.842,15.674,15.973,10.482,31.196,1.874,28.829,6.937,17.615,7.286,0.368,1.253,0.869,5.191,-13.987,15.06,-11.62,9.989,-0.406,9.641,49.039,14.144,4.737,5.317,7.675,27.108,0.507,high,0.592,0.508,0.55,0.468,-557.488,76.129,1820.75,72.676,1.429,2.847,0.503,Zapotec-Modal,0.501931858096242,4852354741263351697
Zapotec_F5,5,F,Zapotec,Santiago Matatlan Zapotec,Speaker5_eM3_1,10.0,173.381,163.381,5,eM3,Vowel,e,Modal,Oral,55.0,1.0,High,,Unaspirated,,130.342,89.883,132.731,131.373,652.658,57.579,2133.129,151.724,2952.87,157.967,4116.418,470.349,705.148,2226.458,3089.482,4859.227,10.969,10.561,17.438,15.699,21.839,11.666,27.014,1.865,20.483,9.685,14.959,9.542,-6.469,-5.138,-4.402,4.033,-16.045,8.697,-9.514,0.876,-3.99,1.019,10.59,30.661,30.98,25.594,22.027,26.25,0.0,high,0.554,0.446,0.617,0.291,-353.37,91.674,1668.599,89.415,0.881,3.983,0.222,Zapotec-Modal,0.221190057745418,-498362618642009138
Zapotec_F5,5,F,Zapotec,Santiago Matatlan Zapotec,Speaker5_iM10,10.0,247.981,237.981,5,iM10,Vowel,i,Modal,Oral,55.0,1.0,High,,Unaspirated,,165.495,165.635,170.52,335.151,328.158,14.265,2990.769,192.711,3727.708,472.771,4425.081,354.881,340.407,3010.064,3966.231,4582.52,28.284,25.665,38.283,22.9,12.106,21.627,38.269,22.123,21.928,31.401,13.144,20.0,-9.999,2.764,26.177,1.273,-9.985,3.542,6.356,-5.736,15.14,5.665,105.46,0.285,15.657,19.943,15.832,22.425,0.258,high,0.544,0.435,0.635,0.457,-643.812,130.637,2678.508,127.811,0.418,2.711,0.155,Zapotec-Modal,0.154186646993729,-1390689865939644008
Zapotec_F5,5,F,Zapotec,Santiago Matatlan Zapotec,Speaker5_oM11_1,10.0,90.681,80.681,5,oM11,Vowel,o,Modal,Oral,55.0,1.0,High,,Unaspirated,,135.697,12.487,164.08,145.462,648.947,107.334,1271.235,309.598,3102.264,609.074,3803.279,523.591,981.531,1387.605,3354.622,4672.704,18.326,17.699,21.135,18.395,29.925,13.145,31.675,5.721,26.188,7.366,19.511,30.024,-2.809,-0.696,-8.79,5.25,-13.349,12.003,-7.862,10.333,-1.185,-12.326,46.858,3.881,-1.4,4.533,6.138,21.946,0.28,high,0.22,0.551,0.015,0.531,-2453.647,51.005,2029.605,48.284,-1.95,-2.323,1.553,Zapotec-Modal,0.839431769263883,-7943297111962711276
Zapotec_F5,5,F,Zapotec,Santiago Matatlan Zapotec,Speaker5_oM41,10.0,246.497,236.497,5,oM41,Vowel,o,Modal,Oral,55.0,1.0,High,,Unaspirated,,163.922,163.741,165.694,163.965,520.511,89.739,960.318,89.988,3098.058,79.255,3832.939,141.887,791.658,2339.453,3992.957,4510.306,18.357,17.166,22.6,16.998,28.602,19.13,30.216,5.411,26.987,8.178,11.711,31.887,-4.243,0.169,-6.002,-2.132,-11.86,11.825,-8.63,8.989,6.646,-14.721,30.699,35.996,33.13,38.879,36.71,29.036,0.852,high,0.605,0.532,0.638,0.349,-408.897,128.807,978.313,126.674,1.105,2.186,0.518,Zapotec-Modal,0.505489478499543,5001215478296940905
Zapotec_F5,5,F,Zapotec,Santiago Matatlan Zapotec,Speaker5_oM5_1,10.0,110.776,100.776,5,oM5,Vowel,o,Modal,Oral,55.0,1.0,High,,Unaspirated,,139.897,140.438,144.624,215.801,586.664,68.26,1188.599,79.666,3007.373,205.468,3888.256,237.793,890.566,2791.075,4152.37,4443.453,13.851,13.157,13.53,10.491,26.855,2.958,26.853,1.221,17.17,-1.829,-1.159,11.507,0.321,2.665,-13.325,7.533,-13.002,11.965,-3.319,14.985,15.01,1.65,8.529,25.285,23.936,28.591,27.197,23.55,0.422,high,0.615,0.487,0.577,0.487,-1583.051,59.316,2859.727,58.823,1.501,3.006,0.512,Zapotec-Modal,0.499334664005323,4334826359558711133
Zapotec_F6,6,F,Zapotec,Santiago Matatlan Zapotec,Speaker6_aC31_1,10.0,121.382,111.382,5,aC31,Vowel,a,Creaky,Oral,51.0,2.0,Big,,Unaspirated,,187.709,187.384,190.049,187.913,915.363,114.085,1589.532,176.509,2837.357,221.02,3893.898,685.075,870.252,1499.439,2979.235,5862.011,18.826,18.296,16.71,14.454,22.254,8.889,22.263,-6.618,6.935,-15.902,-4.097,-6.632,2.116,3.842,-5.544,5.565,-3.437,24.939,11.891,34.197,22.923,24.927,6.617,21.866,19.199,23.303,24.364,19.586,0.0,Lfall,0.643,0.555,0.614,0.512,-188.327,66.619,446.926,63.853,0.724,2.498,0.295,Zapotec-Creaky,0.289831865492394,2656686314325204054
Zapotec_F6,6,F,Zapotec,Santiago Matatlan Zapotec,Speaker6_aM7,10.0,193.384,183.384,5,aM7,Vowel,a,Modal,Oral,55.0,1.0,High,,Unaspirated,,192.092,191.961,189.937,190.991,935.698,109.323,1700.598,201.612,3295.346,323.611,4512.23,619.892,836.836,1588.918,3259.356,5116.904,26.84,26.36,24.065,22.038,23.44,12.167,25.664,-3.358,13.478,-8.811,-1.36,-0.975,2.774,4.323,0.625,9.871,1.176,29.753,13.362,35.171,28.2,27.336,16.077,28.366,26.848,27.182,26.372,22.068,0.0,high,0.476,0.4,0.521,0.234,-156.517,101.171,343.868,99.955,1.154,2.253,0.598,Zapotec-Modal,0.512205947625388,-2430923141533255864
Zapotec_F6,6,F,Zapotec,Santiago Matatlan Zapotec,Speaker6_aM9,10.0,111.348,101.348,5,aM9,Vowel,a,Modal,Oral,55.0,1.0,High,,Unaspirated,,203.841,203.073,208.006,204.909,913.554,187.653,1686.817,264.749,3030.475,138.878,3418.801,1810.892,782.862,1518.828,3047.146,5596.687,28.782,28.158,27.39,24.692,28.907,8.945,28.839,0.913,13.447,-7.354,5.819,4.134,1.393,3.465,-1.518,15.748,-0.057,27.268,15.335,35.512,22.963,24.024,33.211,14.482,11.217,13.644,14.35,17.917,0.919,high,0.567,0.482,0.537,0.49,-185.21,62.006,403.613,59.582,1.2,1.866,0.647,Zapotec-Modal,0.643086816720257,4362967800477818510
Zapotec_F6,6,F,Zapotec,Santiago Matatlan Zapotec,Speaker6_eM3,10.0,197.659,187.659,5,eM3,Vowel,e,Modal,Oral,55.0,1.0,High,,Unaspirated,,188.428,188.16,189.576,188.818,592.129,193.267,2267.768,121.666,2978.049,93.396,4034.081,458.394,553.059,2559.226,3224.306,5462.906,23.593,22.534,26.3,21.134,16.086,12.173,28.516,5.756,7.365,1.239,6.689,3.325,-2.707,1.401,10.214,8.96,-4.923,16.78,16.228,21.296,16.905,19.21,16.082,35.047,37.459,35.524,30.817,23.751,0.0,high,0.536,0.501,0.568,0.445,-195.754,104.646,472.062,102.276,0.484,1.753,0.281,Zapotec-Modal,0.276098117512835,918219396959499355
Zapotec_F6,6,F,Zapotec,Santiago Matatlan Zapotec,Speaker6_eM3_1,10.0,204.228,194.228,5,eM3,Vowel,e,Modal,Oral,55.0,1.0,High,,Unaspirated,,197.35,197.049,199.432,198.025,576.826,147.014,2359.757,264.589,2962.941,123.581,3921.188,793.224,588.87,2569.335,2989.845,4834.962,26.051,24.885,29.976,24.134,21.041,18.97,33.617,11.082,10.876,5.609,14.134,9.098,-3.925,0.751,8.935,5.164,-7.566,13.804,15.175,19.276,11.917,15.787,49.185,35.001,34.146,33.635,29.607,25.711,0.0,high,0.564,0.5,0.6,0.375,-185.735,107.11,555.236,105.2,0.612,0.677,0.205,Zapotec-Modal,0.903988183161004,2724906938250327185
Zapotec_F6,6,F,Zapotec,Santiago Matatlan Zapotec,Speaker6_oM5_1,10.0,229.012,219.012,5,oM5,Vowel,o,Modal,Oral,55.0,1.0,High,,Unaspirated,,187.595,187.95,188.726,188.183,958.887,282.806,1742.243,221.745,3076.392,352.814,3546.31,815.944,883.863,1743.745,3258.214,5173.562,27.141,26.68,26.4,24.458,25.814,15.262,25.403,-3.833,17.438,-5.12,6.328,3.478,0.741,2.222,0.586,9.196,1.738,30.539,9.703,31.801,20.813,23.202,22.839,35.151,31.452,29.432,26.502,24.707,0.936,high,0.59,0.538,0.623,0.538,-176.951,120.772,384.243,117.902,0.769,1.244,0.192,Zapotec-Modal,0.618167202572347,1938505626111643447
